Title,Price,Availability,Reviews,Format,Author/About
The Monk Who Sold His Ferrari,₹199.00,Sponsored,0,Paperback,Robin Sharma
Beyond the Finish Line,"₹1,449.00",Sponsored,0,Hardcover,Hardcover
Dopamine Detox: A Short Guide to Remove Distractions and Get Your Brain to Do Hard Things,₹192.30.30,Available instantly,0,Paperback,Thibaut Meurisse
Don't Believe Everything You Think (English),₹198.10,5% off coupon applied,0,Paperback,Joseph Nguyen
The Psychology of Money,₹288.60,Available instantly,0,Paperback,Morgan Housel
"Ikigai: The Japanese Secret to a Long and Happy Life | A Global Self-Help Phenomenon that Guides You Towards a Joyful, Balanced, and Meaningful Life",₹376.70,Available instantly,0,Hardcover,Héctor García
World’s Greatest Books For Personal Growth & Wealth (Set of 4 Books) : Perfect Motivational Gift Set,₹349.00,₹0.01,0,Paperback,Paperback
Deewar Mein Ek Khidki Rahti Thi । दीवार में एक खिड़की रहती थी [ साहित्य अकादमी पुरस्कार से पुरस्कृत उपन्यास ],₹191.55.55,₹180,0,Paperback,Vinod Kumar Shukla
Metamorphosis,₹98.00,₹340,0,Paperback,Franz Kafka
Days at the Morisaki Bookshop: The perfect book to curl up with - for lovers of Japanese translated fiction everywhere,₹272.40,2% off coupon applied,0,Paperback,Satoshi Yagisawa
MEDI STUDY GO Anatomy Head and Neck Mind Maps (Quick 5 Minute Medical Revision Tool) for MBBS and BDS,"₹1,499.00",Sponsored,0,Paperback,Paperback
"unMIND, A Graphic Guide To Self-realization",₹292.00,Sponsored,0,Paperback,Siddharth Tripathi
"The Art of Being Alone: Loneliness Was My Cage, Solitude Is My Home (English)",₹206.00,5% off coupon applied,0,Paperback,Renuka Gavrani
"Hanuman Chalisa: Premium Hardback pocket book (English and Hindi), Hanuman ji ki Aarti, Bajrang Baan, Hindu Gods, Divine gift for daily chanting",₹140.00,₹174,0,Hardcover,Hardcover
The Alchemist,₹258.10,2% off coupon applied,0,Paperback,Paulo Coelho
"Can We Be Strangers Again?: A moving tale of love, loyalty and the bittersweet beauty of letting go",₹215.33,Available instantly,0,Paperback,Shrijeet Shandilya
"Unusual Tales from Indian Mythology | Sudha Murty’s Bestselling Series | Set of 5 Books | Stories from Mahabharata, Ramayana, & Mythical Characters | Ages 9+",₹699.00,Available instantly,0,Spiral-bound,Sudha Murty
The Theory Of Everything,₹169.55,₹146,0,Paperback,Stephen Hawking
"My First Mythology Tale (Illustrated) (Set of 5 Books) - Mahabharata, Krishna, Hanuman, Ganesha, Ramayana - Story Book for Kids",₹179.00,2% off coupon applied,0,Paperback,Maple Press
Heart Lamp: Selected Stories | WINNER OF THE INTERNATIONAL BOOKER PRIZE 2025,₹279.55,₹278.49,0,Paperback,Dr Banu Mushtaq
The Intelligent Investor : The Definitive Book on Value Investing (Third Edition),₹479.00,2% off coupon applied,0,Paperback,Benjamin Graham
World’s Greatest Books For Personal Growth & Wealth (Set of 4 Books) : Perfect Motivational Gift Set,₹349.00,Sponsored,0,Paperback,Paperback
HOW TO CHANGE HABITS?: 10 Secrets to Happiness.,₹210.00,Sponsored,0,Paperback,Narayan Surya Prakash
Mandala Art: Colouring books for Adults with tear out sheets,₹199.00,FREE delivery,0,Paperback,Wonder House Books
Read People Like a Book,₹283.35.35,FREE delivery,0,Paperback,Patrick King
"Meditations: Timeless Wisdom from Stoic Philosophy for Inner Peace, Self-Discipline & Mental Resilience | A Classic Self-Help Book on Personal Growth & Mindfulness",₹115.82,FREE delivery,0,Paperback,Marcus Aurelius
The Book of Clarity: Building Your Dream Startup Using First Principles Thinking,₹324.09,2% off coupon applied,0,Hardcover,Paras Chopra
Metamorphosis by Franz Kafka [Premium Paperback]: An Unsettling Exploration of Identity and Alienation | Existential Literature |Classic Literature| Psychological Fiction| Metaphorical Allegory,₹98.00,FREE delivery,0,Paperback,Franz Kafka
Rich Dad Poor Dad: What the Rich Teach Their Kids About Money That the Poor and Middle Class Do Not!,₹389.55,FREE delivery,0,Mass Market Paperback,Robert T. Kiyosaki
SPIRITUAL AWAKENING SHRI HIT PREMANAND GOVIND SHARAN JI MAHARAJ VOLUME 1 (PB 2024),₹199.00,FREE delivery,0,Paperback,Shri Hit Premanand Govind Sharan Ji Maharaj
Thank You for Leaving: Learning to be okay with saying goodbye | A new book by one of India’s highest selling authors - Rithvik Singh,₹200.70.70,FREE delivery,0,Paperback,Rithvik Singh
White Nights Fyodor Dostoevsky [Premium Paperback] | A Tale of Love & Loneliness | 50 Greatest Short Stories | Short Stories of Dostoevsky | Classics Books | Literature Books | White Nights Book,₹114.00,FREE delivery,0,Paperback,Fyodor Dostoevsky
Psychopathology of Everyday Life by Sigmund Freud [Premium Paperback] Introduction to Psychology | Discover the Power of Subconscious Mind | Human Psychology Books | Author of Interpretation of Dreams,₹158.00,FREE delivery,0,Paperback,Sigmund Freud
"You Become What You Think: Master Your Mind, Master Your LIife",₹219.00,FREE delivery,0,Paperback,Shubham Kumar Singh
Atomic Habits: The life-changing million copy bestseller,₹558.00,FREE delivery,0,Paperback,James Clear
"EMILY HENRY 4 BOOKS BOXSET: Beach Read, People We Meet on Vacation, Book Lovers, & Happy Place | QUEEN OF ROM-COMS AND #1 NEW YORK TIMES BESTSELLING ROMANCE AUTHOR | Best of Romance!","₹1,348.00",FREE delivery,0,Paperback,Emily Henry
My Journey: Transforming Dreams into Actions,₹174.00,FREE delivery,0,Paperback,A.P.J. Abdul Kalam
101 Tales The Great Panchatantra Collection - Collection of Witty Moral Stories For Kids For Personality Development (Hardback),₹399.00,FREE delivery,0,Hardcover,Wonder House Books
THE GUT: Story of Our Incredible Second Brain,₹242.00,FREE delivery,0,Paperback,Payal Kothari
"Hinduism - Ritual, Reason and Beyond",₹687.00,FREE delivery,0,Hardcover,Hardcover
"The Science of Self-Discipline: The Willpower, Mental Toughness and Self-Control to Resist Temptation and Achieve Your Goals",₹271.10.10,₹194,0,Paperback,Peter Hollins
"THINK STRAIGHT: Change Your Thoughts, Change Your Life",₹191.00,₹175,0,Paperback,Darius Foroux
"The Calm Prescription: 75 Scientific Ways to Create Better Health, Longevity, And Happiness",₹333.88,Available instantly,0,Hardcover,Luke Coutinho
"The Secret Garden [Premium Paperback] | A Classic Tale of Transformation, Friendship & Magic | Fantasy Fiction Books for Children | Classic Novels for Teenagers | Storybooks for Kids 9-12 in English",₹138.00,₹174,0,Paperback,Frances Hodgson Burnett
The Midnight Library: The Multi-million Copy Bestseller,₹383.85,Available instantly,0,Paperback,Matt Haig
"Rupa Publications India The Blue Umbrella, 90 Pages",₹119.32,Available instantly,0,Paperback,Ruskin Bond
Tuesdays With Morrie: The most uplifting book ever written about the importance of human connection,₹197.60.60,Available instantly,0,Kindle Edition,Mitch Albom
Harry Potter 1–3 Box Set: A Magical Adventure Begins,"₹1,038.00",₹300,0,Paperback,J.K. Rowling
The Hidden Hindu Trilogy: A Mythological Adventure (Set of 3 books ) | Complete Boxset of Epic Tales and Mysteries | Perfect for Fans of Mythology and Spirituality,₹506.00,₹194,0,Paperback,Akshat Gupta
MTG International General Knowledge Olympiad (IGKO) Workbook Class 4 - Chapterwise MCQs & Previous Years Solved Paper - SOF IGKO Olympiad Books For 2025-26 Exam,₹80.00,₹73,0,Paperback,RAGHAV SINGH
The Commonsense Diet: Stop Overthinking Start Eating,₹227.65,2% off coupon applied,0,Paperback,Rujuta Diwekar
"Marino's The ICU Book, 5th South Asian ed","₹5,427.00","₹5,395",0,Paperback,Paperback
"NCERT CLASS 8 Curiosity, Textbook of Science 877 2025-26 EDITION",₹65.00,₹174,0,Paperback,National council of educational research and training
"Courage To Be Disliked, The: How to free yourself, change your life and achieve real happiness",₹357.15,₹340,0,Hardcover,Hardcover
The Beekeeper of Aleppo: The Sunday Times Bestseller and Richard & Judy Book Club Pick,₹247.00,Available instantly,0,Kindle Edition,Christy Lefteri
The Subtle Art of Not Giving a F*ck: A Counterintuitive Approach to Living a Good Life (Mark Manson Collection Book 1),₹269.80.80,Available instantly,0,Kindle Edition,Mark Manson
"Why I am an Atheist and Other Works | Letters & Jail Diary of Bhagat Singh on Revolution, Religion & Politics",₹144.00,2% off coupon applied,0,Paperback,Paperback
Master Your Emotions: A Practical Guide to Overcome Negativity and Better Manage Your Feelings (Mastery Series Book 1),₹0.64,Available instantly,0,Kindle Edition,thibaut  meurisse
"Courage To Be Disliked, The: How to free yourself, change your life and achieve real happiness",₹357.15,FREE delivery,0,Hardcover,Hardcover
"Boy, The Mole, The Fox and The Horse, Th",₹800.75,FREE delivery,0,Hardcover,Charlie Mackesy
Who Will Cry When You Die?,₹198.85,FREE delivery,0,Paperback,Robin Sharma
"Story Books for Kids (Set of 10 Books) - Mythology Stories for Children - Ganesha, Krishna, Hanuman, Ramayana, Shiva, Lakshmi, Saraswati, Durga, Mahabharata, Brahma - English Short Stories - Read Aloud to Infants, Toddlers",₹228.00,FREE delivery,0,Paperback,Maple Press
RATHRI 12-NU SHESHAM,₹340.00,FREE delivery,0,Paperback,Paperback
The Satvic Revolution: 7 Life-Changing Habits to Discover Peak Health and Joy,₹332.88,FREE delivery,0,Paperback,Subah Saraf
My First Book of Patterns Pencil Control: Patterns Practice book for kids (Pattern Writing) |Best Selling Tracing Book for Kids in India | Early Learning | Tracing Lines & Pattern Writing Activities | Premium Quality Return Gift | Ages 2 - 5 Years | 1.5 hours of fun time,₹125.00,FREE delivery,0,Paperback,Wonder House Books
MTG International Mathematics Olympiad (IMO) Workbook Class 4 - Chapterwise Previous Year Solved Paper & Achievers Section - SOF Olympiad Books For 2025-26 Exam,₹80.00,FREE delivery,0,Paperback,MAHABIR SINGH
Creative Coloring Mandala For Kids : Coloring Book To Improve Concentration And Relaxation,₹119.00,FREE delivery,0,Paperback,Wonder House Books
Nirmala (Hindi) - Premchand (Maple Classics),₹122.00,FREE delivery,0,Paperback,Paperback
The Man Eating Leopard of Rudraprayag,₹111.00,FREE delivery,0,Paperback,Jim Corbett
41 Anmol Kahaniya - Premchand,₹189.00,FREE delivery,0,Paperback,Paperback
The Monk Who Sold His Ferrari,₹199.25,FREE delivery,0,Paperback,Robin Sharma
"The American Roommate Experiment, Elena Armas",₹331.45,FREE delivery,0,Paperback,Elena Armas
The Forest of Enchantments,₹316.89,2% off coupon applied,0,Paperback,Chitra Banerjee Divakaruni
"Hinduism - Ritual, Reason and Beyond",₹687.00,FREE delivery,0,Hardcover,Hardcover
The Art of Letting Go: A Guide to Emotional Healing and Inner Peace,₹0.00,Available instantly,0,Kindle Edition,Kindle Edition
"873 Poorvi, Textbook of English for Grade 8 (Edition First Edition)",₹65.00,₹278.49,0,Paperback,National council of educational research and training
"Upside-Down King, The: Unusual Tales",₹204.34,₹192,0,Paperback,Sudha Murty
Wings Of Fire An Autobiography,₹359.20,₹298,0,Paperback,Arun Tiwari
Demote Yourself: and other ways to show your ego who's boss (How to Be Ferociously Happy Book 13),₹0.00,Available instantly,0,Kindle Edition,Dushka Zapata
பயமாயிருக்கு மாமா Bayamairukku Mama: Romantic Story (Tamil Edition),₹0.00,Available instantly,0,Kindle Edition,தர்ஷனா Dharshana
You Can Win: A Step by Step Tool for Top Achievers,₹340.00,₹310,0,Paperback,Shiv Khera
amazon basics Mandala Coloring Book for Adults | Relaxation and Creativity | Tear-Out Sheets Included (Dahlia),₹91.00,₹300,0,,
"The Personal MBA: The bestselling business book containing you everything you need to know about marketing, management and leadership",₹229.09.09,Available instantly,0,Kindle Edition,Josh Kaufman
Akbar and Birbal Stories (Set of 6 Books) (Illustrated),₹0.00,Available instantly,0,Kindle Edition,Maple Press
Gaban - Hindi - Premchand (Maple Classics),₹149.00,Available instantly,0,Paperback,Paperback
"Amazon Brand - Solimo Notebooks, Spiral-Bound, Lightweight, Vibrant Colours (A5, 100 Pages, 70 GSM, Set of 5)",₹329.00,₹174,0,,
SAF Hanuman chalisa | Hanuman chalisa Book | Hanuman chalisa Wooden Book| Hanuman chalisa hardcover | Hanuman chalisa Pocket Book,₹199.00,"₹5,395",0,,
"Amazon Basics Watercolour Book | A5 Size 24 Perforated Pages | 300 GSM, Bleed-Free Paper | Wiro Bound, Lay-Flat Design | Ideal for Watercolour, Acrylic, Mixed Media & More",₹199.00,₹330,0,,
Attitude Is Everything: Change Your Attitude ... Change Your Life!,₹126.00,Available instantly,0,Kindle Edition,Jeff Keller
"Kaay, Kiti Aani Kasa Khaaych?, Soppa Ani Sustainable, Science Based Nutrition Book by Amita Gadre, Marathi",₹250.00,₹215,0,Paperback,Paperback
"Hinduism - Ritual, Reason and Beyond",₹687.00,FREE delivery,0,Hardcover,Hardcover
"Sundaram A6 Sketch Book Spiral Bound, 100 Pages, 50 Sheets 10.3 x 14.5 cm Plain (Pack of 3)",₹90.00,FREE delivery,0,,
Eleven Minutes,₹258.10,2% off coupon applied,0,Paperback,Paulo Coelho
"The Book of Rumi: 105 Stories and Fables that Illumine, Delight, and Inform",₹0.00,Available instantly,0,Kindle Edition,Rumi
Bell the Bell Jar,₹179.00,FREE delivery,0,Paperback,Sylvia Plath
"532 Santoor, Textbook of English for Grade 5 (Edition First Edition)",₹65.00,FREE delivery,0,Paperback,National council of educational research and training
The ChatGPT Millionaire: Making Money Online has never been this EASY (AI Wealth Engine - How to make money using Chat GPT and Generative AI),₹0.00,Available instantly,0,Kindle Edition,Neil Dagger
ALCRAFT Real Leather Green Stone Brown Embossed Handmade Diary with Metal Lock -Size of (H) 6*(L) 4.5 Brown,₹299.00,FREE delivery,0,,
Maths Maharathi Formula Bilingual Book By Ankit bhati sir & Rahul Teotia Sir RWA,₹169.00,FREE delivery,0,Paperback,Paperback
"COVALENT – Organic Chemistry Book | JEE Main & Advanced | Clears Basics, Visual Shortcuts, Mechanisms, Name Reactions | For NEET UG, Boards & State Exams",₹299.00,FREE delivery,0,Paperback,Paperback
THE BIG FAT ACTIVITY BOOK FOR PREGNANT PEOPLE,₹471.00,FREE delivery,0,Paperback,Jordan Reid
Toy Imagine 4-Pack Water Magic Coloring Books with Refillable Pens - No-Mess Water Reveal Activity Book Set for Kids - Reusable & Travel-Friendly,₹175.00,FREE delivery,0,,
Menaka - Class 6 - Dr. Homi Bhabha Balvaidnyanik (Young Scientist Competition) - The Only Official Book - 2025-26 - [ENGLISH MEDIUM] - [THE ORIGINAL BOOK] - 2026/Ed.,₹250.00,FREE delivery,0,Paperback,Paperback
MTG International General Knowledge Olympiad (IGKO) Workbook Class 5 - Chapterwise MCQs & Previous Years Solved Paper - SOF IGKO Olympiad Books For 2025-26 Exam,₹80.00,FREE delivery,0,Paperback,Paperback
The Mountain is You,₹243.20.20,Available instantly,0,Kindle Edition,Brianna Wiest
Peppa Pig: Peppa's Bumper Colouring Book: Official Colouring Book,₹226.00,FREE delivery,0,Paperback,Peppa Pig
Pratigya (Hindi),₹113.00,FREE delivery,0,Paperback,Paperback
"Hinduism - Ritual, Reason and Beyond",₹687.00,FREE delivery,0,Hardcover,Hardcover
MTG International General Knowledge Olympiad (IGKO) Workbook Class 5 - Chapterwise MCQs & Previous Years Solved Paper - SOF IGKO Olympiad Books For 2025-26 Exam,₹80.00,FREE delivery,0,Paperback,Paperback
Menaka - Class 6 - Dr. Homi Bhabha Balvaidnyanik (Young Scientist Competition) - The Only Official Book - 2025-26 - [ENGLISH MEDIUM] - [THE ORIGINAL BOOK] - 2026/Ed.,₹250.00,FREE delivery,0,Paperback,Paperback
"Sank Magic Practice Copybook, (4 BOOK + 10 REFILL+ 1 Pen +1 Grip) Number Tracing Book for Preschoolers with Pen, Magic Calligraphy Copybook Set Practical Reusable Writing Tool Simple Hand Lettering",₹108.00,FREE delivery,0,Spiral-bound,Sank Magic
Peppa Pig: Peppa's Bumper Colouring Book: Official Colouring Book,₹226.00,FREE delivery,0,Paperback,Peppa Pig
InIkao Story Books for kids in Tamil | 101 Illustrated Moral Tales | Pack of 10 Bedtime Stories Book Collection for Children Age 4+,₹254.13.13,2% off coupon applied,0,Paperback,Inikao
"BUNGLE The Mountain Is You – Self-Help Book for Personal Growth, Overcoming Self-Sabotage, Emotional Healing and Growth, Transform Your Life Guide, Motivation and Inspiration Book for Personal Development",₹149.00,Delivery,0,Paperback,Paperback
"Hanuman Chalisa Pocket Book (Hindi, Roman Hindi, Hardbound) Premium Edition in a Gift Case | Includes Hanuman Aarti, Sankat Mochan Hanuman Ashtak & Bajrang Baan",₹239.00,FREE delivery,0,Hardcover,Servdharm
Munshi Premchand Sahitya (Mansarovar 3-4) Satyagreh (मुंशी प्रेमचंद साहित्य (मानसरोवर 3-4 ) : सत्याग्रह),₹187.00,FREE delivery,0,Paperback,Paperback
DMER Pharmacist Exams 2025-26 Technical Pharmacy Syllabuswise Theory Notes 03 Modules Books by PV THORAT,₹699.00,Delivery,0,Paperback,PV THORAT
"Writing Practice Boxset – Pack of 4 Early Writing Books for Kids (Writing Fun Series): Write and Practice Capital Letters, Small Letters, Line Tracing Patterns & Numbers 1–10 | Pre-Writing Skills Workbook Set for Preschool & Kindergarten | Ages 3–6 Years | Hours of Learning time | Perfect for Gifting",₹199.00,FREE delivery,0,Paperback,Wonder House Books
"Moral Story Books for Kids (Illustrated) - English Short Stories with Colourful Pictures - Bedtime Children Story Book - 3 Years to 6 Years Old Children - Read Aloud to Infants, Toddlers (Set of 10 Books)",₹228.00,FREE delivery,0,Product Bundle,Maple Press
MTG International General Knowledge Olympiad (IGKO) Workbook Class 3 - Chapterwise MCQs & Previous Years Solved Paper - SOF IGKO Olympiad Books For 2025-26 Exam,₹80.00,FREE delivery,0,Paperback,Paperback
MTG International General Knowledge Olympiad (IGKO) Workbook Class 1 - Chapterwise MCQs & Previous Years Solved Paper - SOF IGKO Olympiad Books For 2025-26 Exam,₹80.00,FREE delivery,0,Paperback,Paperback
101 Pencil Control Activity Book For Kids: Tracing Practise Book | Age 2+ and up | 4 hours of writing activities,₹189.00,FREE delivery,0,Paperback,Wonder House Books
My First 365 Coloring Book: Jumbo Coloring Book For Kids (With Tear Out Sheets),₹199.00,FREE delivery,0,Paperback,Wonder House Books
"THE COMPLETE BOOK OF ENOCH: Ancient Revelations, Lost Scriptures, and Prophetic Visions from Sacred Apocryphal Texts",₹0.00,Available instantly,0,Kindle Edition,Kindle Edition
"Hinduism - Ritual, Reason and Beyond",₹687.00,FREE delivery,0,Hardcover,Hardcover
The Book Thief: TikTok made me buy it! The life-affirming international bestseller,₹280.01.01,Available instantly,0,Kindle Edition,Markus Zusak
King of Wrath (Kings of Sin Book 1),₹0.00,Available instantly,0,Kindle Edition,Ana  Huang
"Writing Practice Boxset – Pack of 4 Early Writing Books for Kids (Writing Fun Series): Write and Practice Capital Letters, Small Letters, Line Tracing Patterns & Numbers 1–10 | Pre-Writing Skills Workbook Set for Preschool & Kindergarten | Ages 3–6 Years | Hours of Learning time | Perfect for Gifting",₹199.00,₹180,0,Paperback,Wonder House Books
Bihar Police Driver Bharti Pariksha Best Book 2025 | Complete Driving Test Preparation Guide for All India Driver Exams,₹199.00,₹278.49,0,Paperback,Abhinav Motor Driving School
My First 365 Coloring Book: Jumbo Coloring Book For Kids (With Tear Out Sheets),₹199.00,₹73,0,Paperback,Wonder House Books
MTG International General Knowledge Olympiad (IGKO) Workbook Class 8 - Chapterwise MCQs & Previous Years Solved Paper - SOF IGKO Olympiad Books For 2025-26 Exam,₹80.00,₹72,0,Paperback,Paperback
King of Envy (Kings of Sin Book 5),₹0.00,Available instantly,0,Kindle Edition,Ana Huang
"WoodMarwar Solid Sheesham Wood Book Shelf | Wooden Tree Shape Bookshelf | Free Standing Bookcase with Open 8 Shelf & One Drawer Storage | Tall Display Unit Book Stand |Rosewood, Honey Brown Finish","₹5,999.00",5% off coupon applied,0,,
"Delhi Police Driver Exam Guide Book 2025, Hindi Edition, MCQ and PYQ with Practice Sets",₹249.00,₹330,0,Paperback,Mohan Saini
"Delhi Police Practice Sets Book 2025-26 Edition, Hindi Medium, 30 Practice Sets and 2 Solved Papers, Maths, Reasoning, GK, Science.",₹165.00,₹333.11,0,Paperback,Paperback
"Tarkash Astra 6000+ MCQs Book for BPSC, BSSC, SSC Exams, English Edition, Complete GS Coverage with Bihar Special Questions",₹299.00,₹216,0,Paperback,Paperback
Courseware on Quantitative Aptitude for CAT 2025-26 by Arun Sharma | 12th Edition | CAT/ MBA entrance exam book | Solved Previous Years’ Questions (2020-2024) | 200+ Problem-solving Videos | 4000+ Practice Questions | 13 Full-lengh Mock Test Papers | Author Live Interactive Sessions | Sectional Tests,₹719.00,₹50 off coupon applied,0,Paperback,Arun Sharma
"MTG International English Olympiad (IEO) Workbook Class 3 - Chapterwise MCQs, Previous Years Solved Paper & Achievers Section - SOF Olympiad Books For 2025-26 Exam",₹80.00,₹72,0,Paperback,Paperback
"Income Tax Law and Accounts Book, 66th Edition, Assessment Year 2025-26 by Dr. H. C. Mehrotra and Dr. S. P. Goyal,",₹425.00,₹188,0,Paperback,Paperback
MathonGo JEE Main Mathematics Chapterwise & Topicwise Previous Years Solved Papers (2025 - 2019) - JEE Main Maths Chapter-wise PYQ Book For 2026 Covering All 143 JEE Main Online Papers,₹399.00,₹340,0,Paperback,Paperback
"The Book of Five Rings: Miyamoto Musashi's Timeless Strategy Guide to Mastery, Discipline, and the Way of the Warrior",₹0.00,Available instantly,0,Kindle Edition,Miyamoto Musashi
"Hinduism - Ritual, Reason and Beyond",₹687.00,₹72,0,Hardcover,Hardcover
Menaka - Class 9 - Dr. Homi Bhabha Balvaidnyanik (Young Scientist Competition) - The Only Official Book - 2025-26 - [ENGLISH MEDIUM] - [THE ORIGINAL BOOK] - 2026/Ed.,₹250.00,5% off coupon applied,0,Paperback,Paperback
"WoodMarwar Solid Sheesham Wood Book Shelf | Wooden Tree Shape Bookshelf | Free Standing Bookcase with Open 8 Shelf & One Drawer Storage | Tall Display Unit Book Stand |Rosewood, Honey Brown Finish","₹5,999.00",Available instantly,0,,
"Income Tax Law and Accounts Book, 66th Edition, Assessment Year 2025-26 by Dr. H. C. Mehrotra and Dr. S. P. Goyal,",₹425.00,₹0.01,0,Paperback,Paperback
A Court of Thorns and Roses: Enter the EPIC fantasy worlds of Sarah J Maas with the breath-taking first book in the GLOBALLY BESTSELLING ACOTAR series,₹279.30.30,Available instantly,0,Kindle Edition,Sarah J. Maas
Dr. Raghav prakash Vyavahrik Samanya Hindi book 9th Edition 2025,₹335.00,"₹5,395",0,Paperback,Paperback
MathonGo JEE Main Mathematics Chapterwise & Topicwise Previous Years Solved Papers (2025 - 2019) - JEE Main Maths Chapter-wise PYQ Book For 2026 Covering All 143 JEE Main Online Papers,₹399.00,2% off coupon applied,0,Paperback,Paperback
"MTG National Science Olympiad (NSO) Workbook Class 3 - Chapterwise Quick Recap, Previous Year Solved Paper & Achievers Section - SOF Olympiad Books For 2025-26 Exam",₹80.00,₹72,0,Paperback,Paperback
"BUNGLE The Midnight Library | Magical Realism Novel, Self Discovery Fiction, Alternate Lives Story, Thought Provoking Book, Life Choices Fiction, Uplifting Mental Health Literary Fantasy Read",₹199.00,₹298,0,Paperback,Paperback
"Taiyari Karlo Jadui Book Rajasthan GK 2.0 By Vijay Sir,Newari Sir",₹330.00,₹310,0,Paperback,Paperback
"Nirman IAS FSO Food Safety Officer Book Volume 1, Hindi Medium Study Material with Abhyasika By Sanjay Gupta",₹528.00,₹146,0,Paperback,Sanjay Gupta
DMER (Directorate of Medical Education and Research) PHARMACIST RECRUITMENT EXAM PRACTICE WORK BOOK With Answer Key for the student of MAHARASHTRA,₹299.00,₹0.01,0,Paperback,Paperback
The Anxious Generation: How the Great Rewiring of Childhood Is Causing an Epidemic of Mental Illness,₹323.59.59,Available instantly,0,Kindle Edition,Jonathan Haidt
MTG International Mathematics Olympiad (IMO) Workbook Class 3 - Chapterwise Previous Year Solved Paper & Achievers Section - SOF Olympiad Books For 2025-26 Exam,₹80.00,₹72,0,Paperback,Paperback
Line Tracing Patterns – Practice Drawing and Tracing Lines and Shapes: Pre-Writing Skills Workbook for Kids with Fun Patterns and Activities | Develop Fine Motor Control and Hand-Eye Coordination | Ages 3–5 Years (Writing Fun Series) | Hours of Learning time,₹89.00,₹333.11,0,Paperback,Wonder House Books
Twisted Series 4 Books Combo,₹399.00,10% off coupon applied,0,Paperback,Paperback
SSC Reasoning CGL Warrior Book 2025 - 2026 (3rd Edition) | By Vikramjeet Sir (Reasoning Guru) | 1700+ Latest PYQ Previous Year Exams Question Bank | Best Explanation | Tricks & Concepts | Exam Oriented Approach with all New TCS Questions - Updated | Bilingual (Hindi - English) - S Chand Books Latest Edition,₹217.00,₹216,0,Paperback,Paperback
"Why I am an Atheist and Other Works | Letters & Jail Diary of Bhagat Singh on Revolution, Religion & Politics",₹144.00,₹278.49,0,Paperback,Paperback
MEDI STUDY GO Anatomy Head and Neck Mind Maps (Quick 5 Minute Medical Revision Tool) for MBBS and BDS,"₹1,499.00",Sponsored,0,Paperback,Paperback
Beyond the Finish Line,"₹1,449.00",Sponsored,0,Hardcover,Hardcover
"WISDOM, The Little Book That Still Beats the Market, Investment Guide, Trading Strategy Book",₹310.00,₹174,0,Paperback,Paperback
"My First Hindi Learning Book for Kids | Learn Hindi Alphabets, Matras & Sentences with English Transliteration | Ages 4–7",₹249.00,Delivery,0,Paperback,Toddlearner
The 48 Laws Of Power (The Modern Machiavellian Robert Greene Book 1),₹359.10.10,Available instantly,0,Kindle Edition,Robert Greene
MTG International Mathematics Olympiad (IMO) Workbook Class 3 - Chapterwise Previous Year Solved Paper & Achievers Section - SOF Olympiad Books For 2025-26 Exam,₹80.00,₹72,0,Paperback,Paperback
"MTG International Hindi Olympiad (IHO) Workbook Class 5 - Chapterwise Quick Recap, MCQs & Previous Year Paper - SOF IHO Olympiad Books For 2025-26 Exam",₹80.00,₹215,0,Paperback,Paperback
DMER (Directorate of Medical Education and Research) PHARMACIST RECRUITMENT EXAM PRACTICE WORK BOOK With Answer Key for the student of MAHARASHTRA,₹299.00,Sponsored,0,Paperback,Paperback
Twisted Series 4 Books Combo,₹399.00,₹50 off coupon applied,0,Paperback,Paperback
"Nirman IAS FSO Food Safety Officer Book Volume 1, Hindi Medium Study Material with Abhyasika By Sanjay Gupta",₹528.00,₹180,0,Paperback,Sanjay Gupta
"unMIND, A Graphic Guide To Self-realization",₹292.00,Sponsored,0,Paperback,Siddharth Tripathi
GetHealthy: The Book That Will Change Your Quality of Life,₹399.00,Sponsored,0,Paperback,Manish Chaudhary
SSC Reasoning CGL Warrior Book 2025 - 2026 (3rd Edition) | By Vikramjeet Sir (Reasoning Guru) | 1700+ Latest PYQ Previous Year Exams Question Bank | Best Explanation | Tricks & Concepts | Exam Oriented Approach with all New TCS Questions - Updated | Bilingual (Hindi - English) - S Chand Books Latest Edition,₹217.00,₹216,0,Paperback,Paperback
"MTG National Science Olympiad (NSO) Workbook Class 5 - Chapterwise Quick Recap, Previous Year Solved Paper & Achievers Section - SOF Olympiad Books For 2025-26 Exam",₹80.00,₹72,0,Paperback,Paperback
NCERT Class 5 Santoor & Veena Textbooks (English & Hindi) | Pack of 2 Books | Updated 2025-26 Edition,₹249.00,₹215,0,Paperback,Paperback
FAMOUS FIVE COMPLETE BOXSET OF 21 BOOKS BOXSET Readers Edition,"₹1,399.00",₹175,0,Paperback,Paperback
"An Inside Job: The edge-of-your-seat spy thriller novel by the New York Times bestselling author (Gabriel Allon, Book 25)",₹471.20.20,Available instantly,0,Kindle Edition,Daniel Silva
Cozy Cuties: A Cute and Comfy Colouring Book for All Ages (Coco Wyo),₹360.00,₹333.11,0,Paperback,Coco Wyo
"MTG International Computer Science Olympiad (ICSO) Workbook Class 1 - Chapterwise Quick Recap, MCQs & Previous Year Paper - SOF ICSO Olympiad Books For 2025-26 Exam",₹80.00,₹72,0,Paperback,Paperback
"MTG National Science Olympiad (NSO) Workbook Class 6 - Chapterwise Quick Recap, Previous Year Solved Paper & Achievers Section - SOF Olympiad Books For 2025-26 Exam",₹80.00,₹72,0,Paperback,Paperback
HOW TO CHANGE HABITS?: 10 Secrets to Happiness.,₹210.00,Sponsored,0,Paperback,Narayan Surya Prakash
CUET English 2026 (3 sets of Books) by Supergrads | NTA CUET (UG) English Language Book Includes Video Lectures After Scanning QR & 2000+ Questions With Detailed Solutions.,"₹1,499.00",Sponsored,0,Product Bundle,Product Bundle
MEDI STUDY GO Anatomy Head and Neck Mind Maps (Quick 5 Minute Medical Revision Tool) for MBBS and BDS,"₹1,499.00",Sponsored,0,Paperback,Paperback
Beyond the Finish Line,"₹1,449.00",Sponsored,0,Hardcover,Hardcover
"Arihant All in One Science Class 7 for CBSE Exam 2025-26| Latest NCERT-Based Book | Full Syllabus Coverage with Chapterwise Theory, Grammar, Writing, Practice & Sample Papers",₹215.00,FREE delivery,0,Paperback,Paperback
"Physical Education Practice Book Booster Dose for TGT, PGT & other Teaching Exams with 2300+ MCQs Questions (Hindi Printed Edition) by Monu Madhukar Sir",₹249.00,FREE delivery,0,Paperback,Paperback
NCERT CLASS 8 Kaushal Bodh – Vocational Education Activity Book Eng Med 885 2025-26 Edition,₹0.00,₹160,0,Paperback,National council of educational research and training
SLST & MADRASAH English Practice Work Book IX-X (English Version),₹255.00,FREE delivery,0,Paperback,Paperback
PROFOUND The Little Book of Common sense Investing updated editiion 2025,₹349.00,FREE delivery,0,Paperback,Paperback
NCERT Malhar Class 8 NCERT New Latest Syllabus Latest Pattern Textbook For Hindi,₹65.00,Delivery,0,Paperback,NCERT
"BUNGLE THE SUBTLE ART OF NOT GIVING A FCK + EVERYTHING IS FCKED Books – Self-Help for Mental Clarity, Personal Development Guide to Happiness(Pack of-2)",₹260.00,Delivery,0,Paperback,Paperback
Screenplay,₹225.00,Delivery,0,Paperback,Paperback
"unMIND, A Graphic Guide To Self-realization",₹292.00,Sponsored,0,Paperback,Siddharth Tripathi
CUET English 2026 (3 sets of Books) by Supergrads | NTA CUET (UG) English Language Book Includes Video Lectures After Scanning QR & 2000+ Questions With Detailed Solutions.,"₹1,499.00",Sponsored,0,Product Bundle,Product Bundle
MTG 24 Years JEE MAIN (2025-2002) Chapterwise Topicwise Previous Years Solved Papers Chemistry (Rasayan Vigyan) - JEE Main PYQ Books in Hindi For 2026 Exam,₹553.00,FREE delivery,0,Paperback,Paperback
Deiva padalgal (Tamil),₹0.00,Available instantly,0,Kindle Edition,Kindle Edition
"Arihant All in One Hindi Class 7 for CBSE Exam 2025-26| Latest NCERT-Based Book | Full Syllabus Coverage with Chapterwise Theory, Grammar, Writing, Practice & Sample Papers | Hindi Medium",₹221.00,FREE delivery,0,Paperback,Paperback
RBD SI Police Sub Inspector Book | Rajasthan Police SI Previous Year Question Papers 1996-2025 | Hindi Medium | Chapterwise Solved Papers | RPSC SI Exam Guide by Sughash Charan & Suman Lata Yadav,₹190.00,₹340,0,Paperback,Paperback
SURA`S TNPSC Group II & IIA General Tamil (Pothu Tamil) Exam Book Guide 2025,₹360.00,FREE delivery,0,Perfect Paperback,Perfect Paperback
"Keep Going Interactive English Intermediate Second Year Textbook, A Handbook of Communicative English-II & Second Language Sanskrit Part II | Pack of 3 Books | Latest Edition",₹449.00,Delivery,0,Paperback,Paperback
"Success Key First Aid & Hospital Services Recruitment Exam Guide – 1000+ MCQs | 5 Solved Papers | For Hospital Attendant, Medical Attendant & Dresser Comprehensive Exam Preparation Book",₹420.00,FREE delivery,0,Paperback,Paperback
"ARTIFICIAL INTELLIGENCE CURRICULUM CLASS 9 BOOK Intel Supported Grade IX Book Updated syllabus based on CBSE exam syllabus (Paperback, CBSE)",₹275.00,Delivery,0,Paperback,Paperback
HOW TO CHANGE HABITS?: 10 Secrets to Happiness.,₹210.00,Sponsored,0,Paperback,Narayan Surya Prakash
GetHealthy: The Book That Will Change Your Quality of Life,₹399.00,Sponsored,0,Paperback,Manish Chaudhary
"How to Live: The Mindfulness Essentials 10-Book Box Set – A Transformative Guide to Living with Clarity, Calm, and Purpose | A Perfect Gift","₹1,539.00",Sponsored,0,Paperback,Thich Nhat Hanh
LIFE LESSONS FROM RUSKIN BOND,"₹1,169.00",Sponsored,0,Hardcover,Ruskin Bond
6th Class - Dr. Homi Bhabha Balvaidnyanik Competition - Official Book - 2025-26 - [ENGLISH MEDIUM],₹250.00,₹174,0,Paperback,Paperback
"MTG 20 Years (2025-2006) Karnataka CET Chapterwise Solutions Physics, Chemistry & Mathematics | KCET Previous Year Solved Papers | KCET PYQ Book For Engineering Entrance Exam 2026",₹433.00,₹278.49,0,Paperback,Paperback
SLST Physical Science for 9 & 10 Class Practice Set Book (Bengali Version),₹170.00,"₹5,395",0,Paperback,Paperback
Examcart Madhya Pradesh (MP) Prathmik Shikshak Chayan Pariksha Varg 3 Complete Study Guide Book By Prateek Shivalik & Ajay Bhaiya For Exam 2025 (Hindi),₹449.00,₹160,0,Paperback,Examcart Experts
"MTG Class-3 International English Olympiad (IEO) Workbook, Prep-Guide & Previous Years Papers (PYQs) with Mock Test Paper (Set of 3 Books) - SOF Olympiad Books For 2025-26 Exam",₹450.00,₹0.01,0,Paperback,Paperback
"All in one WBSSC Group C and D Exam Guide Book 2025 - 2026 (In Bengali Version) | West Bengal School Service Commission Exams | 40 Model Practice Set | PYQ Previous Year Solved Question Papers | With Chapter wise Math TR Tricks | (Q & A Practice Test) | Mathematics (Math), English, General Knowledge GK, Current Affairs - S Chand Books",₹358.00,Delivery,0,Paperback,Paperback
"Physical Education Practice Book Booster Dose for TGT, PGT & other Teaching Exams with 2300+ MCQs Questions (Hindi Printed Edition) by Monu Madhukar Sir",₹249.00,"₹5,395",0,Paperback,Paperback
Pension Fund Regulatory and Development Authority [PFRDA] II Latest Book II Officer Grade ‘A’ (Assistant Manager) II General Stream II Paper 2 II Common Syllabus for both phase 1 & 2 II 15 Pratice Mock Test With Detail Solution II As Per Exam Pattern II Exam Level MCQ,₹299.00,₹340,0,Paperback,Paperback
"The Ultimate Rumi Collection (Boxset of 3 Books) : Essential Rumi, Rumi: Bridge to the Soul, Rumi : The Book of Love","₹1,105.00",Sponsored,0,Paperback,Coleman Barks
Beyond Good And Evil,₹169.00,Sponsored,0,Paperback,Friedrich Nietzsche
"Arihant All in One Science Class 7 for CBSE Exam 2025-26| Latest NCERT-Based Book | Full Syllabus Coverage with Chapterwise Theory, Grammar, Writing, Practice & Sample Papers",₹215.00,₹180,0,Paperback,Paperback
NCERT Malhar Class 8 NCERT New Latest Syllabus Latest Pattern Textbook For Hindi,₹65.00,₹0.01,0,Paperback,NCERT
SLST & MADRASAH English Practice Work Book IX-X (English Version),₹255.00,Sponsored,0,Paperback,Paperback
SILAPADHIGARAM (Tamil),₹0.00,Available instantly,0,Kindle Edition,Ilango Adigal
Screenplay,₹225.00,₹194,0,Paperback,Paperback
"BUNGLE THE SUBTLE ART OF NOT GIVING A FCK + EVERYTHING IS FCKED Books – Self-Help for Mental Clarity, Personal Development Guide to Happiness(Pack of-2)",₹260.00,₹174,0,Paperback,Paperback
PROFOUND The Little Book of Common sense Investing updated editiion 2025,₹349.00,₹174,0,Paperback,Paperback
MTG 24 Years JEE MAIN (2025-2002) Chapterwise Topicwise Previous Years Solved Papers Chemistry (Rasayan Vigyan) - JEE Main PYQ Books in Hindi For 2026 Exam,₹553.00,₹340,0,Paperback,Paperback
"The Art of Letting Go (Hindi): Adhik Sochna Band Karein, Nakaratmakta ke chakr ko rokein, aur Bhaavnatmak Svatantrata payein | By Bestselling Author Nick Trenton",₹203.00,Sponsored,0,Paperback,Nick Trenton
The Monk Who Sold His Ferrari,₹199.00,Sponsored,0,Paperback,Robin Sharma
Screenplay,₹225.00,₹0.01,0,Paperback,Paperback
PROFOUND The Little Book of Common sense Investing updated editiion 2025,₹349.00,₹215,0,Paperback,Paperback
"BUNGLE THE SUBTLE ART OF NOT GIVING A FCK + EVERYTHING IS FCKED Books – Self-Help for Mental Clarity, Personal Development Guide to Happiness(Pack of-2)",₹260.00,₹310,0,Paperback,Paperback
MTG 24 Years JEE MAIN (2025-2002) Chapterwise Topicwise Previous Years Solved Papers Chemistry (Rasayan Vigyan) - JEE Main PYQ Books in Hindi For 2026 Exam,₹553.00,2% off coupon applied,0,Paperback,Paperback
Arihant - Sainik School Class 9 Entrance Exam 2026 Study Guide + 10 Years Solved Papers 2016 to 2025 - Set of 2 Books [ORIGINLA BOOK-TOP GRADE PAPER & PRINT] for 2026 Exams,₹584.00,₹174,0,Product Bundle,Product Bundle
SURA`S TNPSC Group II & IIA General Tamil (Pothu Tamil) Exam Book Guide 2025,₹360.00,10% off coupon applied,0,Perfect Paperback,Perfect Paperback
"RRB Group D Practice Set Book 2025-26, Hindi Medium, Previous Year Questions with New MCQs",₹199.00,₹298,0,Paperback,Paperback
"Arihant All in One Hindi Class 7 for CBSE Exam 2025-26| Latest NCERT-Based Book | Full Syllabus Coverage with Chapterwise Theory, Grammar, Writing, Practice & Sample Papers | Hindi Medium",₹221.00,₹175,0,Paperback,Paperback
RBD SI Police Sub Inspector Book | Rajasthan Police SI Previous Year Question Papers 1996-2025 | Hindi Medium | Chapterwise Solved Papers | RPSC SI Exam Guide by Sughash Charan & Suman Lata Yadav,₹190.00,₹192,0,Paperback,Paperback
"Success Key First Aid & Hospital Services Recruitment Exam Guide – 1000+ MCQs | 5 Solved Papers | For Hospital Attendant, Medical Attendant & Dresser Comprehensive Exam Preparation Book",₹420.00,₹146,0,Paperback,Paperback
"Keep Going Interactive English Intermediate Second Year Textbook, A Handbook of Communicative English-II & Second Language Sanskrit Part II | Pack of 3 Books | Latest Edition",₹449.00,₹180,0,Paperback,Paperback
MTG 24 Years JEE MAIN (2025-2002) Chapterwise Topicwise Previous Years Solved Papers Physics (Bhautik Vigyan) - JEE Main PYQ Books in Hindi For 2026 Exam,₹553.00,₹160,0,Paperback,Paperback
"Super Simplified HOW TO MASTER UPSC MAINS - 450+ Magical Mnemonics, Short Notes, Diagrams, Maps & More for General Studies, Visual & Strategic Edition, Useful for mains answer writing, Civil Services / IAS Book, Practice Mains PYQ, English medium",₹551.00,₹333.11,0,Paperback,Dr. Gaurav J. Sontake
"ARTIFICIAL INTELLIGENCE CURRICULUM CLASS 9 BOOK Intel Supported Grade IX Book Updated syllabus based on CBSE exam syllabus (Paperback, CBSE)",₹275.00,₹50 off coupon applied,0,Paperback,Paperback
"MTG Class-4 International English Olympiad (IEO) Workbook, Prep-Guide & Previous Years Papers (PYQs) with Mock Test Paper (Set of 3 Books) - SOF Olympiad Books For 2025-26 Exam",₹450.00,₹194,0,Paperback,Paperback
Punjab PCS 2025 Preliminary Exam Previous Year Solved Papers Book for Paper 1 & 2 (Punjabi & English Printed Edition) By Adda247,₹639.00,₹215,0,Paperback,Paperback
"Hinduism - Ritual, Reason and Beyond",₹687.00,₹10 off coupon applied,0,Hardcover,Hardcover
Punjab PCS 2025 Preliminary Exam Previous Year Solved Papers Book for Paper 1 & 2 (Punjabi & English Printed Edition) By Adda247,₹639.00,FREE delivery,0,Paperback,Paperback
SLST & MADRASAH English Practice Work Book XI-XII (English Version),₹280.00,FREE delivery,0,Paperback,Paperback
Pathfinder's CSIR NET Life Sciences – MCQs Practice Book | Topic Wise + Concept Based Analytical Questions,₹620.00,FREE delivery,0,Paperback,Paperback
"SLST English Quick-Heal Guide Book for Class XI-XII, 15000+ MCQs with Explanation, West Bengal and Madrasah School Service Commission",₹778.00,FREE delivery,0,Unknown Binding,Unknown Binding
B.Ed. Guide Book for Gauhati University B.Ed. CET-2020,₹0.00,Available instantly,0,Kindle Edition,Kindle Edition
அண்ணா நானூறு: Anna 400 (Perarignar Anna's Writings and Speeches Book 4) (Tamil Edition),₹0.00,Available instantly,0,Kindle Edition,Kindle Edition
Vedikkai Paarpavan (Tamil),₹0.00,Available instantly,0,Kindle Edition,Naa.Muthukumar
Emotional Intelligence (Tamil),₹0.00,Available instantly,0,Kindle Edition,Soma.Valliappan
MTG Objective Karnataka CET (KCET) Physics Book For 2026 Exam | Topicwise Comprehensive Theory with Previous 10 Years Solved Question Papers & 6500+ MCQs | KCET PYQs & Mock Test Papers,₹623.00,FREE delivery,0,Paperback,Paperback
Vartman Pravah – June 2025 | Yuva Upnishad Publication | GPSC UPSC Current Affairs Book | વર્તમાન પ્રવાહ – જૂન 2025,₹110.00,Delivery,0,Paperback,Paperback
Geography SLST Book Bengali 2025 | Lila's Book 2025 New SLST Geography Class IX-X & XI-XII || Gautam Kumar Bera | Lila Roy | Dr Sujoy Kumar Sikder,₹370.00,Delivery,0,Perfect Paperback,Perfect Paperback
Deewar Mein Ek Khidki Rahti Thi । दीवार में एक खिड़की रहती थी With Free Magnet Bookmark,₹187.00,FREE delivery,0,Paperback,Paperback
Olindhirukkiren (Tamil),₹0.00,Available instantly,0,Kindle Edition,Indira Soundarajan
SLST WB SSC NINE TEN LIFE SCIENCE PRACTICE SET CHALLENGER (Bengali Version),₹280.00,FREE delivery,0,Paperback,Paperback
Arihant MPPEB Madhya Pradesh Prathmik Shikshak Chayan Pariksha 2025-26 Samvida Shala Shikshak Varg 3 Books With 3000+ MCQs,₹499.00,FREE delivery,0,Paperback,Paperback
"Alicia Souza A Happy Colouring Book |102 Pages | 140 GSM Anti-Bleed Paper | With 4 Sticker Sheets | Colour, Scribble & Relax | Gift for All Ages","₹1,199.00",FREE delivery,0,Paperback,Paperback
"Why I am an Atheist and Other Works | Letters & Jail Diary of Bhagat Singh on Revolution, Religion & Politics",₹144.00,FREE delivery,0,Paperback,Paperback
NEERAJ NIOS 302 English Class 12 | New Syllabus | Chapter Wise Help Book/Guide Including Many Solved Sample Papers & Important Exam Notes (Question Bank) | 2025 2026,₹315.00,5% off coupon applied,0,Paperback,Paperback
Chakshu MP Prathmik Shikshak Chayan Pariksha Varg 3 Complete Practice Sets Book For 2025 Exam,₹269.00,₹300,0,Paperback,Paperback
RBD MP Primary Teacher Bharti Exam 2025 | Combo Guide Book Set (2 Books) | 10000+ Objective Questions + Full Syllabus Guide | Hindi Medium | Varg 3 | Latest Pattern & Syllabus Based,₹680.00,₹72,0,Paperback,Paperback
The Psychology of Money Book With Free Magnet Bookmark,₹209.00,₹10 off coupon applied,0,Paperback Bunko,Paperback Bunko
The Ambler Warning,₹143.19.19,Available instantly,0,Kindle Edition,Robert Ludlum
The Scientific Sufi: The Life and Times: The Life and Times of Jagadish Chandra Bose,₹485.88,Available instantly,0,Hardcover,Meher Wan
"A Comprehensive Guide For IB ACIO Grade-II | Intelligence Bureau ACIO Grade-II 2025-26 Exam (Paperback, Adda247 Publications)",₹489.00,Delivery,0,Paperback,Paperback
Share Market - A To Z (Tamil),₹105.00,Available instantly,0,Kindle Edition,Chokkalingam Palaniyappan
"Manhood Womanhood Let’s Talk Humanhood – A Deeply Honest Self-Help Book on Emotions, Identity, Mental Health, and Finding Connection Through Real Conversations and Personal Growth | Best for Ages 15+",₹299.00,₹188,0,Paperback,Paperback
"Topper's Choice General Hindi Book, 3000+ PYQs for DSSSB KVS Exams, Theory and 225+ Solved Papers for PRT TGT PGT, Updated till June 2025",₹299.00,₹146,0,Paperback,Paperback
S.K. Books Indian Air Force Y Group Medical Assistant Recruitment Exam Complete Guide English Medium.,₹260.00,₹180,0,Paperback,Paperback
"2024-25 DSSSB TGT/PGT English Solved Papers This book contains TGT previous years solved questions from 2014 to 2021 shift-I, II and III and PGT previous years solved papers.",₹289.00,Available instantly,0,Paperback,Paperback
AIBE Exam Book 2025 | Previous Year AIBE Solved Paper (2011 to 2024) | Best Seller AIBE Exam Guide for AIBE All India Bar Examination & all Law Entrance Exams in India | Topic Wise & Chapter Wise AIBE Question Bank with Detailed Solutions | IFAS Publications,₹375.00,"₹5,395",0,Paperback,Paperback
Samanya Vigyan Book by Khan Sir | Bihar Question Killer | BPSC & BSSC Exam 1992-2025 | General Science for Competitive Exams in Hindi,₹225.00,2% off coupon applied,0,Paperback,Paperback
"The Complete English Grammar Book, Bilingual Edition for SSC, Bank PO, UPSC & Competitive Exams with Video Content, First Edition 2025-26 (By JAIDEEP SINGH)",₹440.00,₹160,0,Paperback,Paperback
Sammaan: Oberoi Brothers Saga Book 4 (Reboot Edition) (Oberoi Brothers Saga (Reboot Edition)),₹0.00,Available instantly,0,Kindle Edition,Kindle Edition
MEDI STUDY GO Anatomy Head and Neck Mind Maps (Quick 5 Minute Medical Revision Tool) for MBBS and BDS,"₹1,499.00",Sponsored,0,Paperback,Paperback
Beyond the Finish Line,"₹1,449.00",Sponsored,0,Hardcover,Hardcover
Sammaan: Oberoi Brothers Saga Book 4 (Reboot Edition) (Oberoi Brothers Saga (Reboot Edition)),₹0.00,Available instantly,0,Kindle Edition,Kindle Edition
Sri Vishnu Sahasranamam (Tamil),₹0.00,Available instantly,0,Kindle Edition,GIRI
Nehru And The Spirit Of India,₹589.64.64,₹559.58,0,Hardcover,Hardcover
Shlokas and Mantras - Activity Book For Kids - Illustrated Book With Engaging Activities and Sticker Sheets,₹189.00,₹174,0,Kindle Edition,Wonder House Books
Leo Tries to Be a Ninja: A Funny Picture Book for 3-7 Year Olds about a Top-Secret Mission and a Very Loud Surprise (The Adventures of Leo) (The Adventures ... A Funny Picture Book for 3-7 Year Olds),₹0.00,Available instantly,0,Kindle Edition,Kindle Edition
"Naruto Anime Colouring Book for Kids, A5 Size, 40 Pages, 145.5 mm x 205 mm",₹199.00,₹278.49,0,Staple Bound,Staple Bound
My Little Book of Planets: Rhyming & Illustrated Solar System Board Book for Kids | Fun Learning About Planets for Toddlers & Preschoolers | Ages 3+ [Penguin Early Learning Series],₹150.00,₹174,0,Board book,Penguin Books
41 Anmol Kahaniya - Premchand,₹189.00,₹188,0,Paperback,Paperback
"unMIND, A Graphic Guide To Self-realization",₹292.00,Sponsored,0,Paperback,Siddharth Tripathi
CUET English 2026 (3 sets of Books) by Supergrads | NTA CUET (UG) English Language Book Includes Video Lectures After Scanning QR & 2000+ Questions With Detailed Solutions.,"₹1,499.00",Sponsored,0,Product Bundle,Product Bundle
Attitude Is Everything: Change Your Attitude ... Change Your Life!,₹126.00,Available instantly,0,Kindle Edition,Jeff Keller
SLST Physical Science Practice Set (Bengali Version),₹350.00,₹340,0,Unknown Binding,Unknown Binding
The Monk Who Sold His Ferrari,₹199.25,₹194,0,Paperback,Robin Sharma
"MTG International English Olympiad (IEO) Workbook Class 2 - Chapterwise MCQs, Previous Years Solved Paper & Achievers Section - SOF Olympiad Books For 2025-26 Exam",₹80.00,₹72,0,Paperback,Paperback
"The American Roommate Experiment, Elena Armas",₹331.45,₹330,0,Paperback,Elena Armas
"MTG National Science Olympiad (NSO) Workbook Class 1 - Chapterwise Quick Recap, Previous Year Solved Paper & Achievers Section - SOF Olympiad Books For 2025-26 Exam",₹80.00,₹73,0,Paperback,Paperback
Wings Of Fire An Autobiography,₹359.20,₹298,0,Paperback,Arun Tiwari
MTG International Mathematics Olympiad (IMO) Workbook Class 7 - Chapterwise Previous Year Solved Paper & Achievers Section - SOF Olympiad Books For 2025-26 Exam,₹80.00,₹72,0,Paperback,MAHABIR SINGH
GetHealthy: The Book That Will Change Your Quality of Life,₹399.00,Sponsored,0,Paperback,Manish Chaudhary
"How to Live: The Mindfulness Essentials 10-Book Box Set – A Transformative Guide to Living with Clarity, Calm, and Purpose | A Perfect Gift","₹1,539.00",Sponsored,0,Paperback,Thich Nhat Hanh
"Energize Your Mind: Learn the Art of Mastering Your Thoughts, Feelings and Emotions",₹243.33,FREE delivery,0,Paperback,Gaur Gopal Das
"MTG Class-5 International English Olympiad (IEO) Workbook, Prep-Guide & Previous Years Papers (PYQs) with Mock Test Paper (Set of 3 Books) - SOF Olympiad Books For 2025-26 Exam",₹450.00,FREE delivery,0,Paperback,Paperback
"Radhika Mam Science Book Railway 2025 सामान्य विज्ञान | 6300+ PYQs-TCS सहित | Chapterwise Solved Papers (2018-2024) | RRB NTPC, Group D, ALP, Technician, JE, RPF, SI & Constable | Hindi Medium | Radhika Ma'am",₹300.00,₹188,0,Paperback,Paperback
"MTG International English Olympiad (IEO) Workbook Class 8 - Chapterwise MCQs, Previous Years Solved Paper & Achievers Section - SOF Olympiad Books For 2025-26 Exam",₹80.00,FREE delivery,0,Paperback,Paperback
"MTG Class-1 International English Olympiad (IEO) Workbook, Prep-Guide & Previous Years Papers (PYQs) with Mock Test Paper (Set of 3 Books) - SOF Olympiad Books For 2025-26 Exam",₹450.00,FREE delivery,0,Paperback,Paperback
"MTG National Science Olympiad (NSO) Workbook Class 2 - Chapterwise Quick Recap, Previous Year Solved Paper & Achievers Section - SOF Olympiad Books For 2025-26 Exam",₹80.00,FREE delivery,0,Paperback,Paperback
"Physics Wallah PW Activities Book For Kids 4+ Years Old | 1200+ Adventure Activities | Puzzles, Mind Games, Maze and Challenges Designed Activity Book For Growing Kids For Endless Fun",₹309.00,FREE delivery,0,Paperback,PW (Physics Wallah)
"Hindi Sulekh Varnmala Writing Practice Book for Kids | Hindi Varnamala Alphabets - Including Swar and Vyanjan both | Early Learning - Writing Practice Activity Book | Best Selling Book for Toddler, Pre school, Kindergarten, Nursery And Homeschooling Childrens in India | Ages: 3+ Years | IFAS Publications",₹149.00,FREE delivery,0,Paperback,Paperback
What's Your Everest?: A Path to Passion and Purpose,₹352.30,FREE delivery,0,Paperback,Paperback
kondraiventhan (Tamil),₹0.00,Available instantly,0,Kindle Edition,Auvaiyar
"MTG Class-6 National Science Olympiad (NSO) Workbook, Prep-Guide & Previous Years Papers (PYQs) with Mock Test Paper (Set of 3 Books) - SOF Olympiad Books For 2025-26 Exam",₹488.00,FREE delivery,0,Paperback,Paperback
Metamorphosis,₹109.00,FREE delivery,0,Paperback,Franz Kafka
You Can Win: A Step by Step Tool for Top Achievers,₹340.00,FREE delivery,0,Paperback,Shiv Khera
500 Word Search Bind-up,₹319.00,FREE delivery,0,Paperback,Wonder House Books
Harry Potter 1–3 Box Set: A Magical Adventure Begins,"₹1,038.00",FREE delivery,0,Paperback,J.K. Rowling
Ncert Class V Textbook For Hindi & English (Veena & Santoor) (Set Of 2 Books) First Edition 2025-26 New Syllabus,₹239.00,Delivery,0,Paperback,NCERT
"Hinduism - Ritual, Reason and Beyond",₹687.00,FREE delivery,0,Hardcover,Hardcover
MEDI STUDY GO Anatomy Head and Neck Mind Maps (Quick 5 Minute Medical Revision Tool) for MBBS and BDS,"₹1,499.00",Sponsored,0,Paperback,Paperback
Beyond the Finish Line,"₹1,449.00",Sponsored,0,Hardcover,Hardcover
"White Nights – Fyodor Dostoyevsky | A Million-Copy Bestseller | A Timeless Story of Love, Longing & Solitude – Penguin Classics",₹112.00,Available instantly,0,Mass Market Paperback,Mass Market Paperback
Hand Mudras: Transformative Yoga for Health and Wellness,₹386.00,₹160,0,Paperback,Paperback
"The Psychology of Money + Ikigai | Mindset & Life Purpose Bestseller Set | Financial Wisdom, Japanese Philosophy, Self Help & Personal Growth Books",₹405.00,₹300,0,Paperback,Paperback
"Taxmann's CRACKER COMBO for CS Executive | New Syllabus | Dec. 2025/June 2026 Exams – Group 2 | Papers 5 to 7 | CRACKER Series | CMSL, ECIPL | EC & IPL and Tax | June 2025 Edition | Set of 3 Books","₹1,169.00",10% off coupon applied,0,Paperback,Paperback
"Pack of 6 Self Help Book for Adult - How to Self Confidence, Stop Worrying, Win Friends, Subconscios Mind, Think & Grow and Art of War",₹619.00,₹146,0,Paperback,Dale Carnegie
MTG 48 Years JEE Advanced (2025-1978) Chapter-wise Previous Years Solved Question Papers Mathematics Book | JEE Advanced PYQ Question Bank For 2026 Exam,₹406.00,₹216,0,Paperback,Paperback
Greatest Works by James Allen (Set of 4 Books) - As a Man Thinketh; The Path to Prosperity; Shape Your Life And Your Destiny; The Life Triumphant: Mastering the Heart and Mind,₹399.00,₹216,0,Paperback,James Allen
"Story Books for Kids (Set of 15 Books) (Illustrated) (Hindi) - Scientists - Biographies for Children - Einstein, Newton, CV Raman, Homi Bhabha, Abdul Kalam, Pythagoras, Nikola Tesla, Carl Linnaeus, - Age 6+",₹142.49.49,Sponsored,0,Paperback,Maple Press
CUET English 2026 (3 sets of Books) by Supergrads | NTA CUET (UG) English Language Book Includes Video Lectures After Scanning QR & 2000+ Questions With Detailed Solutions.,"₹1,499.00",Sponsored,0,Product Bundle,Product Bundle
GetHealthy: The Book That Will Change Your Quality of Life,₹399.00,Sponsored,0,Paperback,Manish Chaudhary
"MTG International Computer Science Olympiad (ICSO) Workbook Class 3 - Chapterwise Quick Recap, MCQs & Previous Year Paper - SOF ICSO Olympiad Books For 2025-26 Exam",₹80.00,₹72,0,Paperback,Paperback
SILAPADHIGARAM (Tamil),₹0.00,Available instantly,0,Kindle Edition,Ilango Adigal
"Utkarsh Current Affairs 2025 Book, Half Yearly Current Events January-June 2025, Hindi Edition, Fixed Rate ₹120",₹115.00,10% off coupon applied,0,Paperback,Paperback
"Story Books for Kids - Good Manners (Illustrated) (Set of 6 Books) - Bedtime Stories - Early Learning for Kids - Age 3+ - Read Aloud to Infants, Toddlers",₹148.00,₹0.01,0,Paperback,Maple Press
"MTG International English Olympiad (IEO) Workbook Class 6 - Chapterwise MCQs, Previous Years Solved Paper & Achievers Section - SOF Olympiad Books For 2025-26 Exam",₹80.00,₹72,0,Paperback,Paperback
"An Inside Job: The edge-of-your-seat spy thriller novel by the New York Times bestselling author (Gabriel Allon, Book 25)",₹471.20.20,Available instantly,0,Kindle Edition,Daniel Silva
"Magical Book Series: Analytical Reasoning by MK Pandey, Fully Revised and Updated Edition",₹320.00,₹192,0,Paperback,Paperback
"New Criminal Laws Combo (Bharatiya Nyaya Sanhita (BNS) | Bharatiya Nagarik Suraksha Sanhita (BNSS) | Bharatiya Sakshya Adhiniyam (BSA) ) For All Judiciary Exams Preparation Notes, English Medium Set of 3 Books, ToppersNotes Latest Edition.",₹949.00,₹50 off coupon applied,0,Paperback,TOPPERSNOTES
HOW TO CHANGE HABITS?: 10 Secrets to Happiness.,₹210.00,Sponsored,0,Paperback,Narayan Surya Prakash
"How to Live: The Mindfulness Essentials 10-Book Box Set – A Transformative Guide to Living with Clarity, Calm, and Purpose | A Perfect Gift","₹1,539.00",Sponsored,0,Paperback,Thich Nhat Hanh
"An Inside Job: The edge-of-your-seat spy thriller novel by the New York Times bestselling author (Gabriel Allon, Book 25)",₹471.20.20,Available instantly,0,Kindle Edition,Daniel Silva
MTG 48 Years JEE Advanced (2025-1978) Chapter-wise Previous Years Solved Question Papers Mathematics Book | JEE Advanced PYQ Question Bank For 2026 Exam,₹406.00,FREE delivery,0,Paperback,Paperback
Greatest Works by James Allen (Set of 4 Books) - As a Man Thinketh; The Path to Prosperity; Shape Your Life And Your Destiny; The Life Triumphant: Mastering the Heart and Mind,₹399.00,FREE delivery,0,Paperback,James Allen
"Story Books for Kids (Set of 15 Books) (Illustrated) (Hindi) - Scientists - Biographies for Children - Einstein, Newton, CV Raman, Homi Bhabha, Abdul Kalam, Pythagoras, Nikola Tesla, Carl Linnaeus, - Age 6+",₹142.49.49,FREE delivery,0,Paperback,Maple Press
"MTG International Computer Science Olympiad (ICSO) Workbook Class 3 - Chapterwise Quick Recap, MCQs & Previous Year Paper - SOF ICSO Olympiad Books For 2025-26 Exam",₹80.00,FREE delivery,0,Paperback,Paperback
"Utkarsh Current Affairs 2025 Book, Half Yearly Current Events January-June 2025, Hindi Edition, Fixed Rate ₹120",₹115.00,Delivery,0,Paperback,Paperback
"Story Books for Kids - Good Manners (Illustrated) (Set of 6 Books) - Bedtime Stories - Early Learning for Kids - Age 3+ - Read Aloud to Infants, Toddlers",₹148.00,FREE delivery,0,Paperback,Maple Press
"MTG International English Olympiad (IEO) Workbook Class 6 - Chapterwise MCQs, Previous Years Solved Paper & Achievers Section - SOF Olympiad Books For 2025-26 Exam",₹80.00,FREE delivery,0,Paperback,Paperback
Password (Tamil),₹0.00,Available instantly,0,Kindle Edition,Kindle Edition
"Magical Book Series: Analytical Reasoning by MK Pandey, Fully Revised and Updated Edition",₹320.00,Delivery,0,Paperback,Paperback
"New Criminal Laws Combo (Bharatiya Nyaya Sanhita (BNS) | Bharatiya Nagarik Suraksha Sanhita (BNSS) | Bharatiya Sakshya Adhiniyam (BSA) ) For All Judiciary Exams Preparation Notes, English Medium Set of 3 Books, ToppersNotes Latest Edition.",₹949.00,₹50 off coupon applied,0,Paperback,TOPPERSNOTES
SLST Philosophy Book Bengali Version ( SLST Dorshon Bichinta ) with Practice set & MCQ 2025,₹609.00,FREE delivery,0,Unknown Binding,Unknown Binding
"The Baskets Book for Crochet Lovers: A Modern Guide to Making Beautiful, Sturdy Storage You’ll Love to Use",₹0.00,Available instantly,0,Kindle Edition,Kindle Edition
eVidya LT Grade Assistant Teacher General Studies Book - 2025 | 50 Practice Sets | Hindi Medium | Based on Latest Syllabus,₹200.00,FREE delivery,0,Paperback,Paperback
"MTG International Computer Science Olympiad (ICSO) Workbook Class 5 - Chapterwise Quick Recap, MCQs & Previous Year Paper - SOF ICSO Olympiad Books For 2025-26 Exam",₹80.00,FREE delivery,0,Paperback,Paperback
How To Stop Overthinking Forever: A Life-Changing Book by Rithvik Singh,₹219.33,FREE delivery,0,Paperback,Rithvik Singh
"Hinduism - Ritual, Reason and Beyond",₹687.00,FREE delivery,0,Hardcover,Hardcover
Gharache Nandanvan Banva | Family Relationships parenting book in Marathi | family relationship book in Marathi |Marathi Book For Improving Family Life | Family Bonding Parenting Marriage | Marathi Self-Help Book for Family Harmony Parenting & Relationship Advice,₹150.00,₹10 off coupon applied,0,Paperback,Paperback
"The Baskets Book for Crochet Lovers: A Modern Guide to Making Beautiful, Sturdy Storage You’ll Love to Use",₹0.00,Available instantly,0,Kindle Edition,Kindle Edition
"Hinduism - Ritual, Reason and Beyond",₹687.00,₹175,0,Hardcover,Hardcover
